Designator,Footprint,Comment,Supplier and ref
"D83,D82,D81,D80,D79,D78,D77,D76,D75,D74,D73,D72,D71,D70,D69,D68,D67,D66,D65,D64,D63,D62,D61,D60,D59,D58,D57,D56,D55,D54,D53,D52,D51,D50,D49,D48,D47,D46,D45,D44,D43,D42,D41,D40,D39,D38,D37,D36,D35,D34,D33,D32,D31,D30,D29,D28,D27,D26,D25,D24,D23,D22,D21,D20,D19,D18,D17,D16,D15,D14,D13,D12,D11,D10,D9,D8,D7,D6,D5,D4,D3",D_SOD-323F,323f,
"MX62,MX68,MX7,MX77,MX3,MX44,MX12,MX23,MX11,MX35,MX52,MX54,MX28,MX45,MX1,MX75,MX33,MX60,MX9,MX55,MX69,MX22,MX29,MX72,MX48,MX74,MX6,MX40,MX51,MX4,MX31,MX66,MX8,MX17,MX16,MX50,MX41,MX61,MX63,MX57,MX24,MX38,MX78,MX58,MX26,MX59,MX39,MX10,MX56,MX49,MX13,MX15,MX43,MX21,MX30,MX47,MX36,MX71,MX5,MX20,MX27,MX65,MX42,MX46,MX76,MX34,MX25,MX2,MX18,MX80,MX67",ALPS-1U,MX-NoLED,
"MX14,MX19",ALPS-1.5U,MX-NoLED,
"MX70,MX37",ALPS-1.75U,MX-NoLED,
"MX53,MX64",ALPS-2.25U,MX-NoLED,
"MX81,MX79,MX73",ALPS-2U,MX-NoLED,
MX32,ALPS-ISO,MX-NoLED,
J1,PinHeader_1x04_P2.54mm_Vertical,Conn_02x02_Odd_Even,
LS1,Buzzer_12x9.5RM7.6,Speaker,
"J3,J2",JST_SH_BM04B-SRSS-TB_1x04-1MP_P1.00mm_Vertical,Conn_01x04_Male,
U1,Teensy2.0,Teensy2.0_(Arduino),
